{
  "svg_file": "ALLLDM_furanose_alpha",
  "characters": [
    {
      "char": "O",
      "index": 0,
      "svg_position": {
        "x": 0.0,
        "y": -15.277115690986456
      },
      "font": {
        "family": "sans-serif",
        "size": 12.0,
        "weight": "bold"
      },
      "convex_hull": {
        "vertices": [
          [
            11,
            33
          ],
          [
            11,
            23
          ],
          [
            12,
            20
          ],
          [
            14,
            16
          ],
          [
            18,
            12
          ],
          [
            20,
            11
          ],
          [
            23,
            10
          ],
          [
            31,
            10
          ],
          [
            34,
            11
          ],
          [
            38,
            13
          ],
          [
            40,
            15
          ],
          [
            42,
            18
          ],
          [
            43,
            21
          ],
          [
            43,
            34
          ],
          [
            42,
            37
          ],
          [
            40,
            40
          ],
          [
            36,
            44
          ],
          [
            34,
            45
          ],
          [
            31,
            46
          ],
          [
            23,
            46
          ],
          [
            20,
            45
          ],
          [
            18,
            44
          ],
          [
            13,
            39
          ],
          [
            12,
            37
          ]
        ],
        "area": 971.9999999999999,
        "perimeter": 111.57189905331904
      },
      "ellipse": {
        "center": [
          27.178217821782177,
          27.85148514851485
        ],
        "major_axis": 18.092595869350482,
        "minor_axis": 16.81630048389102,
        "area": 955.8312257286608,
        "eccentricity": 0.3689289844273181
      },
      "fit_quality": {
        "rmse": 0.8961482161253188,
        "max_error": 2.0022928895027543,
        "coverage": 0.43564356435643564
      },
      "diagnostic_file": "O_0_diagnostic.png"
    },
    {
      "char": "O",
      "index": 1,
      "svg_position": {
        "x": 24.868193319625938,
        "y": 16.50915372360542
      },
      "font": {
        "family": "sans-serif",
        "size": 10.8,
        "weight": "normal"
      },
      "convex_hull": {
        "vertices": [
          [
            11,
            32
          ],
          [
            11,
            21
          ],
          [
            12,
            18
          ],
          [
            13,
            16
          ],
          [
            17,
            12
          ],
          [
            21,
            10
          ],
          [
            29,
            10
          ],
          [
            32,
            11
          ],
          [
            34,
            12
          ],
          [
            37,
            15
          ],
          [
            39,
            19
          ],
          [
            40,
            22
          ],
          [
            40,
            29
          ],
          [
            38,
            35
          ],
          [
            32,
            41
          ],
          [
            29,
            42
          ],
          [
            21,
            42
          ],
          [
            18,
            41
          ],
          [
            13,
            36
          ]
        ],
        "area": 771.5000000000001,
        "perimeter": 99.48033156389269
      },
      "ellipse": {
        "center": [
          25.269662921348313,
          25.853932584269664
        ],
        "major_axis": 16.098782928103326,
        "minor_axis": 15.02322403636827,
        "area": 759.8118473207292,
        "eccentricity": 0.3593832656831724
      },
      "fit_quality": {
        "rmse": 0.7366708954974684,
        "max_error": 1.8563944367182452,
        "coverage": 0.48314606741573035
      },
      "diagnostic_file": "O_1_diagnostic.png"
    },
    {
      "char": "O",
      "index": 2,
      "svg_position": {
        "x": 18.885678439166714,
        "y": 4.299580155034065
      },
      "font": {
        "family": "sans-serif",
        "size": 10.8,
        "weight": "normal"
      },
      "convex_hull": {
        "vertices": [
          [
            11,
            32
          ],
          [
            11,
            21
          ],
          [
            12,
            18
          ],
          [
            13,
            16
          ],
          [
            17,
            12
          ],
          [
            21,
            10
          ],
          [
            29,
            10
          ],
          [
            32,
            11
          ],
          [
            34,
            12
          ],
          [
            37,
            15
          ],
          [
            39,
            19
          ],
          [
            40,
            22
          ],
          [
            40,
            29
          ],
          [
            38,
            35
          ],
          [
            32,
            41
          ],
          [
            29,
            42
          ],
          [
            21,
            42
          ],
          [
            18,
            41
          ],
          [
            13,
            36
          ]
        ],
        "area": 771.5000000000001,
        "perimeter": 99.48033156389269
      },
      "ellipse": {
        "center": [
          25.269662921348313,
          25.853932584269664
        ],
        "major_axis": 16.098782928103326,
        "minor_axis": 15.02322403636827,
        "area": 759.8118473207292,
        "eccentricity": 0.3593832656831724
      },
      "fit_quality": {
        "rmse": 0.7366708954974684,
        "max_error": 1.8563944367182452,
        "coverage": 0.48314606741573035
      },
      "diagnostic_file": "O_2_diagnostic.png"
    },
    {
      "char": "O",
      "index": 3,
      "svg_position": {
        "x": -18.88040500166671,
        "y": 4.299580155034065
      },
      "font": {
        "family": "sans-serif",
        "size": 10.8,
        "weight": "normal"
      },
      "convex_hull": {
        "vertices": [
          [
            11,
            32
          ],
          [
            11,
            21
          ],
          [
            12,
            18
          ],
          [
            13,
            16
          ],
          [
            17,
            12
          ],
          [
            21,
            10
          ],
          [
            29,
            10
          ],
          [
            32,
            11
          ],
          [
            34,
            12
          ],
          [
            37,
            15
          ],
          [
            39,
            19
          ],
          [
            40,
            22
          ],
          [
            40,
            29
          ],
          [
            38,
            35
          ],
          [
            32,
            41
          ],
          [
            29,
            42
          ],
          [
            21,
            42
          ],
          [
            18,
            41
          ],
          [
            13,
            36
          ]
        ],
        "area": 771.5000000000001,
        "perimeter": 99.48033156389269
      },
      "ellipse": {
        "center": [
          25.269662921348313,
          25.853932584269664
        ],
        "major_axis": 16.098782928103326,
        "minor_axis": 15.02322403636827,
        "area": 759.8118473207292,
        "eccentricity": 0.3593832656831724
      },
      "fit_quality": {
        "rmse": 0.7366708954974684,
        "max_error": 1.8563944367182452,
        "coverage": 0.48314606741573035
      },